0.017734484,-0.10496701,100,9089,67,7
0.052573196,-0.302572218,96,9098,17,1
0.087363425,-0.099614667,94,3,67,5
0.139737847,0.507725976,150,15,1,1
0.157132962,1.032357404,159,21,14,3
0.157200836,-0.7984445,114,25,64,5
0.226960677,0.265004006,143,39,62,1
0.244530324,-0.330439309,99,48,17,7
0.296735062,0.675122443,94,63,1,2
0.296982317,0.137706478,103,294,67,5
0.314256228,0.642024213,97,68,1,2
0.331738609,-0.154005914,123,74,17,5
0.349085243,-1.132277504,105,77,82,3
0.366543384,-0.815393586,130,322,64,4
0.401537235,-0.96422169,113,338,64,1
0.401595413,-0.177713303,126,334,17,5
0.401643894,1.505467683,104,285,0,5
0.419024465,0.824527476,104,335,1,1
0.419092338,0.621695976,150,337,1,7
0.436550479,-1.348339569,144,98,43,4
0.453814694,0.962544234,102,343,14,2
0.453843783,-0.762359817,113,100,64,2
0.453868024,-0.738380933,155,99,64,5
0.453979531,0.525164724,97,352,67,5
0.523598776,-0.367876621,111,585,17,7
0.541212057,-1.09882536,101,126,82,1
0.541216905,-1.098961108,96,127,82,2
0.541328412,1.237559643,96,575,14,2
0.558519905,0.048234113,102,596,67,2
0.575958653,1.098364787,107,130,14,1
0.576084705,1.263991685,112,580,14,2
0.576220453,0.738793024,159,603,1,5
0.628575482,0.588515327,101,154,1,1
0.628599723,0.940679137,120,153,14,1
0.645820305,0.409497876,166,617,7,5
0.663385104,0.511585093,101,163,1,4
0.680683256,-0.14282611,122,402,17,5
0.680775371,0.538623152,131,165,1,5
0.680838397,0.610642224,139,622,81,2
0.698281993,0.986760678,160,168,14,5
0.69836926,1.051303923,147,403,14,2
0.715681956,-0.804334986,95,180,64,4
0.750491578,0.154403461,101,649,17,4
0.750593389,-1.002919518,101,191,64,2
0.750598237,-0.756047543,127,429,64,7
0.750661263,-0.313926555,155,188,17,4
0.768158189,0.842722533,96,193,14,1
0.802924178,-0.856481545,113,440,64,5
0.802992052,0.267835318,122,437,67,4
0.803001748,-0.899057883,123,674,36,1
0.820387167,0.071379118,151,911,17,7
0.820396863,0.59074547,108,664,81,2
0.820401711,0.423542928,95,215,1,5
0.837956815,0.132383224,99,224,67,5
0.855240422,1.009076651,127,219,14,3
0.855313144,-0.051967178,128,681,17,7
0.855444044,0.933862657,140,915,63,4
0.855448892,0.716961864,97,226,1,1
0.872717956,0.67789073,128,921,63,7
0.907779681,-0.998968286,208,472,36,1
0.907862099,0.848724526,123,464,1,5
0.925072985,0.714809291,163,936,63,1
0.942497189,0.86591602,97,937,63,4
0.94262324,0.782906221,117,941,63,5
0.977466799,0.691354006,94,947,63,5
0.977510433,0.095774943,99,489,67,5
0.97756861,0.344295284,102,951,7,5
0.977578307,1.032905244,94,265,14,4
0.977592851,1.059705744,153,264,14,1
0.977602547,0.671942066,115,269,1,2
0.977670421,-0.832589927,104,721,36,1
0.994857066,-0.505917621,115,963,37,3
0.994895851,0.408712478,100,271,1,4
1.012339448,0.147654855,103,718,17,1
1.012465499,-0.512385035,103,280,71,1
1.029763651,-0.27816185,125,509,17,4
1.029763651,1.176395549,97,707,14,2
1.047313906,0.159833374,104,510,67,4
1.047396325,0.217996472,126,1239,78,1
1.047459351,-1.084886967,97,1264,70,7
1.064888402,1.557953612,161,424,84,3
1.099601062,0.104530678,114,1251,78,2
1.117161014,-0.37974486,120,1003,36,7
1.117214343,0.385402636,101,1256,78,5
1.117282217,-0.751708461,104,1008,0,4
1.134560977,0.506989059,98,999,0,5
1.152053054,-0.180379778,119,539,17,5
1.152086991,0.878797519,103,1261,63,2
1.186848132,0.516249,127,544,81,3
1.18698388,0.05563237,94,549,67,5
1.187012969,-0.808131077,100,555,64,7
1.187017817,0.832740219,100,1273,63,1
1.204369298,0.870240558,172,1017,63,3
1.204393539,1.111251135,128,542,14,1
1.204446869,-1.191482951,108,806,43,1
1.204461413,0.36316908,148,553,7,2
1.204514743,0.157583839,122,1030,78,4
1.221924402,-0.69561067,108,794,36,5
1.222011668,-0.900745034,119,566,36,4
1.239435872,-0.119336888,100,1298,36,3
1.256685543,0.169869018,118,1038,78,1
1.27417762,0.056475946,126,804,17,2
1.274313368,-1.074594372,142,591,43,3
1.291543646,-0.738177311,115,1326,41,5
1.291563039,1.046155202,105,1035,0,1
1.291577583,-0.241878394,104,811,17,1
1.291601824,0.859196502,108,799,63,3
1.291669698,-1.090375058,129,1336,70,4
1.291805446,0.844904195,107,1303,63,4
1.291810294,1.027625623,96,1040,0,2
1.29181999,0.176525509,104,813,17,3
1.309026028,-0.324151275,98,818,36,3
1.309074509,-0.133566169,99,1325,36,5
1.309152079,0.155198556,103,1320,78,1
1.309166624,0.837675623,101,1052,63,5
1.309249042,0.225787428,108,1066,78,5
1.326459928,-0.898611854,104,1338,33,3
1.326590827,-1.035014183,99,1355,70,5
1.326731423,0.764861456,139,1605,8,3
1.34404412,0.716908535,118,1612,8,5
1.344165323,-0.589892198,123,1347,36,1
1.344170172,0.510460325,97,824,7,5
1.34417502,-0.165079058,119,1084,36,5
1.361385905,0.376816586,94,1620,78,2
1.361429539,0.877823044,94,1324,0,2
1.36147802,1.054915785,103,1603,11,4
1.361584679,-0.377563199,104,1088,36,1
1.37883435,-0.565588489,99,841,37,5
1.378926464,-0.619300996,96,1652,10,5
1.37904282,0.272751329,121,1346,78,5
1.379096149,0.47578645,121,838,7,1
1.396399149,-0.390449546,133,1654,47,5
1.396433086,0.668785929,105,840,63,3
1.396467023,0.975561482,118,834,63,5
1.41385729,0.841122648,105,1087,63,1
1.413866986,0.719676821,134,1641,8,1
1.413866986,0.611907588,97,843,63,5
1.413968797,0.007010406,103,1101,78,3
1.431199075,-0.702926508,95,1106,0,5
1.431417242,-0.088774233,144,1666,36,2
1.431441482,0.306174384,118,1373,78,5
1.44888023,-0.870749612,111,868,0,7
1.466086268,-0.593707682,112,1393,36,5
1.466120205,-0.152789032,104,1679,36,1
1.466154142,0.920879347,113,854,63,4
1.483636523,0.389101764,105,1387,78,2
1.48367046,0.312903598,103,1389,78,2
1.501075271,0.398172628,103,1392,78,2
1.501084968,0.27259134,98,1394,78,3
1.501109208,-0.155300366,114,874,36,5
1.518523716,-0.207156038,99,1696,47,1
1.518678856,-0.65124537,95,1143,0,5
1.518707945,0.834049216,136,1122,63,1
1.518707945,-0.282840302,130,1702,47,1
1.535957616,-0.225869846,101,1705,47,1
1.535962464,-0.170402313,124,1136,36,5
1.535967312,-0.703450107,132,897,36,2
1.535967312,-0.703445259,102,898,36,2
1.535977008,0.049935809,99,1698,60,5
1.536059427,0.278593334,116,1411,78,5
1.536069123,0.334758999,124,1409,78,4
1.536083667,0.276998297,128,1412,78,2
1.553401212,-1.131094559,115,1175,70,5
1.55340606,0.372458111,94,887,7,2
1.55340606,0.372458111,94,888,7,2
1.553435149,0.563537727,116,1131,63,1
1.553498175,-0.143146087,218,1713,60,1
1.553599986,0.42085706,119,1142,78,1
1.570810871,-0.05365433,97,2113,0,5
1.570854504,0.743136955,117,1135,63,3
1.570859353,0.427033587,103,1145,78,1
1.571038734,0.425297954,115,1149,78,1
1.588293253,-0.211213928,100,1162,36,7
1.588346582,0.417977267,106,1156,78,1
1.588448393,0.802817519,199,1708,8,4
1.588496874,-0.405784203,105,1173,36,3
1.605770786,-1.295713044,132,1208,43,7
1.605814419,0.16838064,108,2124,60,2
1.605843508,0.420711616,142,1165,78,1
1.605877445,-0.119458091,122,1735,60,1
1.623209534,0.58244546,96,1726,8,5
1.623306497,-0.519526341,97,1453,36,5
1.623422852,0.351480223,94,2135,60,1
1.623447093,-0.960716487,131,1465,33,2
1.640643434,0.406021762,107,2134,38,4
1.640657978,0.419809863,121,1178,78,1
1.640740397,-0.631814037,106,1195,0,4
1.640759789,1.143646385,98,1155,0,7
1.640779182,-0.229976218,103,1756,47,1
1.658222778,-0.533411405,116,1464,36,4
1.658251867,0.177339996,104,1458,78,2
1.658329437,0.288139315,198,1457,78,5
1.675608197,-0.058512163,113,1463,36,1
1.675714856,0.720205268,104,1454,63,5
1.693134211,0.257756042,100,2159,60,1
1.710471148,0.218355234,104,1473,78,2
1.710475996,-0.249649957,115,1481,36,5
1.710699011,-0.136276278,107,1784,60,4
1.727914745,0.556473991,143,1203,63,1
1.728016555,-0.041834573,129,1788,60,1
1.745368037,0.110823559,176,1790,60,1
1.745460152,-0.343335353,102,1496,36,7
1.745494089,-0.730662699,99,1502,10,3
1.762869811,0.499295066,176,1791,78,1
1.763024951,0.054027637,95,1811,60,1
1.76305404,0.247991894,98,2199,60,1
1.780308559,0.400674267,103,1497,78,1
1.780483092,0.698311082,142,1220,63,1
1.797698826,-0.235769741,140,1231,36,7
1.797761852,-0.362320656,143,1829,47,4
1.797907296,-1.071637009,96,1247,70,7
1.797970321,0.624672732,100,1228,63,0
1.815389677,-0.109514562,112,2227,55,5
1.815399373,0.392815437,131,2216,38,7
1.832615107,1.343510825,96,2527,0,5
1.832707222,0.514838192,102,2219,8,4
1.832741159,-0.056805619,106,1520,36,1
1.832823577,0.103813154,106,1839,60,1
1.850112033,-0.619077982,115,1862,23,5
1.850208996,-0.613318395,101,2256,23,5
1.850257477,-0.487552878,126,2646,20,5
1.8675023,-0.005221443,160,1852,60,0
1.867565325,0.324534278,101,1845,78,7
1.867715618,-0.311056458,150,1865,47,3
1.884965288,-0.415970138,133,2653,20,1
1.885139821,-1.090651401,118,1922,33,3
1.885178606,-0.27285314,108,2657,20,1
1.902442822,0.359019075,117,2650,38,3
1.902588266,1.029933336,98,2238,51,2
1.902646443,0.16562205,100,1876,60,1
1.902651292,0.121499157,133,1543,60,3
1.919900962,0.173383917,124,1879,60,0
1.919954292,-0.524704151,133,2282,20,1
1.919973684,-0.084444847,95,1892,60,1
1.919988229,-0.103148959,145,1899,60,0
1.920041558,0.155339152,101,1544,60,2
1.937373647,0.097825705,120,1552,60,1
1.937378495,-0.020977888,174,1903,60,1
1.954802699,-0.583575076,115,2296,23,4
1.95495784,0.369006237,139,1910,78,1
1.954972384,-0.313388412,167,2294,20,1
1.955030562,-0.095168926,100,1560,36,3
1.955049954,0.39293664,142,2286,38,7
1.97233841,-0.460650567,170,2693,20,3
1.972440221,-1.23043773,117,2736,87,5
1.972440221,-0.045378561,116,1931,60,0
1.972445069,0.080159094,99,2298,55,2
1.972498399,-0.919715794,201,2326,13,3
1.989689892,1.157899907,103,1542,11,0
1.989728677,0.071931806,96,1934,60,1
1.989748069,0.04259573,119,1567,60,1
1.989864425,-0.594706398,148,1956,23,1
2.007351654,-0.033907869,152,1948,60,0
2.007351654,-0.033907869,105,1949,60,1
2.024620717,0.52787968,100,2697,38,5
2.024834035,-0.008600595,107,2714,55,2
2.024872821,0.578857839,147,1577,8,5
2.042117643,0.938153258,98,1568,11,2
2.042200061,-0.816106262,98,2740,0,3
2.059536999,-0.56862827,98,2361,20,1
2.059648506,0.029917852,98,1601,60,5
2.059726076,-0.122745128,95,2356,55,1
2.059769709,0.352769827,107,2343,38,1
2.077077558,-0.391797328,122,1983,47,3
2.077164824,-1.14730188,102,2015,33,2
2.077179369,-0.467273122,115,2749,20,1
2.112090802,-1.186077278,112,2803,87,3
2.11209565,-0.408727022,102,2387,20,1
2.112124739,-0.258691732,123,1998,47,2
2.129345321,-0.647473519,147,2773,68,5
2.129379258,0.040743742,100,3145,0,5
2.129384106,-0.891276623,115,2020,65,2
2.129519854,-0.168768491,150,2004,60,1
2.129563487,0.127985964,97,2385,55,2
2.146784069,0.288682306,123,2763,38,2
2.146924665,-0.698189878,159,3165,68,0
2.146958602,-0.43553237,100,2782,20,0
2.164261602,0.683839393,97,1995,8,4
2.164450679,-0.980293263,97,2042,65,5
2.164494313,-0.924597868,100,2435,0,2
2.181676109,-0.400810015,96,2414,20,2
2.181695502,0.383662155,124,2777,38,3
2.181942757,-0.624275185,135,2040,23,5
2.199206972,-0.364410203,116,2035,47,5
2.199255453,0.683272161,112,2012,8,4
2.199313631,-0.336077692,113,2429,20,5
2.216728139,-0.42418773,144,3185,68,3
2.21677662,0.286219453,168,2421,38,2
2.216791164,-0.753914363,134,2451,68,1
2.216825101,-0.318304422,99,2443,20,5
2.216839646,-1.197596451,102,3223,87,1
2.234118405,0.481924192,95,2034,78,2
2.234195975,-0.052078686,102,3188,55,4
2.251484431,-0.335888615,100,3192,68,1
2.251503824,-0.5114348,154,2827,20,1
2.251586242,0.353884898,100,2047,60,4
2.251615331,-0.826340679,104,3206,85,1
2.251629875,-0.82618069,172,3207,85,0
2.268976509,0.129275568,207,2061,60,7
2.269141346,0.485167595,117,2821,38,4
2.286487979,-0.691475209,99,3225,0,5
2.286497675,-0.24727437,119,2085,47,3
2.303878246,0.144678099,141,2845,21,1
2.303989753,-0.615810338,101,2106,23,1
2.321336387,0.155780332,102,2854,21,5
2.321559401,0.438620634,139,2473,38,4
2.321573945,0.230868275,98,2478,38,5
2.338755742,-0.704206416,99,3243,0,5
2.338775135,0.554743206,106,2852,38,3
2.338784831,-0.747267567,112,2120,23,5
2.338809072,-0.755751807,132,2878,68,5
2.338896338,0.784481866,169,2088,8,2
2.338896338,0.947447136,119,2077,8,5
2.338949668,0.649480648,149,2095,8,2
2.338973908,0.209555866,96,2864,21,5
2.339012693,0.801750929,104,2091,8,7
2.356218731,-0.72001619,99,3591,0,4
2.356238123,-0.291751177,255,2491,20,2
2.356276909,0.225069903,129,2484,38,3
2.356378719,0.729247043,112,3579,0,3
2.373798075,0.160318188,124,3249,22,5
2.391231975,-1.158830749,111,3615,87,2
2.391353178,0.04210122,98,2506,55,5
2.408607697,-1.081081179,131,2550,65,2
2.408714356,-0.639828008,99,3270,0,2
2.408738597,0.823039098,122,3594,83,2
2.426022205,-0.389140549,99,2906,0,3
2.426051294,-0.822011293,118,3614,0,5
2.426182193,0.55655641,167,2891,38,2
2.426182193,0.556561258,142,2890,38,2
2.426254915,-0.567382299,112,2538,20,1
2.426254915,-0.93588433,100,2554,0,4
2.426279156,-0.883393553,140,2553,68,5
2.443504586,-1.267157518,98,3643,0,3
2.44365003,-1.352358675,102,3340,18,5
2.4437276,0.469420847,95,2905,38,7
2.461069386,0.671117882,96,3612,0,4
2.478474197,-0.610317399,97,2937,0,1
2.47851783,-1.03864059,170,3307,13,5
2.4785954,0.592733207,122,2540,38,2
2.478609945,0.753773767,104,3275,51,5
2.478658426,-0.758040127,160,3634,85,5
2.495835375,-0.451313056,95,3628,69,5
2.496058389,-0.467777328,97,2948,0,1
2.496072933,0.900672312,98,3619,83,3
2.513312908,-0.422088487,115,2580,20,5
2.513361389,0.091193453,210,2943,21,3
2.530921341,-0.068179348,114,3314,0,2
2.530940733,-1.154307438,117,3347,87,5
2.531008607,-1.02916733,127,3659,0,1
2.548219493,-0.29765136,101,2596,20,1
2.54825343,-0.166698336,113,2970,55,5
2.548263126,-1.087640708,112,3663,0,1
2.548418267,-1.267215696,113,3024,87,5
2.565716419,1.019664982,102,2560,51,4
2.583145471,-1.216795073,175,3685,13,2
2.583179408,0.504114114,103,2973,38,5
2.583242433,-0.495867433,95,2993,68,5
2.583271522,-0.505660669,180,2618,20,1
2.583324852,-0.505355237,112,2996,68,2
2.600647244,0.040389828,114,3665,42,1
2.600671485,0.425826401,123,2985,38,4
2.6180666,-0.662677276,122,3017,0,5
2.618071448,1.059729985,129,3323,83,4
2.618085993,0.489147915,190,2990,38,5
2.635505348,-1.004286692,102,3696,0,7
2.652924704,-1.034548762,159,3699,13,2
2.670377996,-0.452689927,97,3034,68,1
2.670601011,0.642324798,116,3690,51,2
2.687874922,-0.809367352,108,3055,0,1
2.687894315,-0.433884004,129,3045,68,4
2.705299126,-0.228022419,95,3970,42,1
2.722728178,0.600262363,135,3705,51,5
2.740200863,-0.960120166,152,3734,85,1
2.740229951,-0.708181888,119,3080,0,5
2.740263888,0.292565664,124,3975,46,2
2.740292977,0.615136447,98,3974,49,2
2.740356003,0.099546793,107,3410,42,2
2.740356003,-0.750302501,107,3426,0,2
2.740356003,-0.678288277,98,3084,0,1
2.740428725,0.174489292,101,3980,46,5
2.740438421,-0.006486807,98,3981,75,2
2.757707485,-0.8395567,105,3090,0,1
2.757726877,0.20886743,184,3982,46,1
2.757838384,0.058318238,99,3418,42,5
2.775262588,0.456965983,99,3731,46,5
2.792555892,-0.61624667,112,3438,69,4
2.792589829,1.122731523,95,3403,83,5
2.79261407,-0.923662177,122,3447,0,1
2.792696488,-0.215620885,122,3994,42,5
2.792706184,-1.043028154,102,3457,0,1
2.792711032,-0.814176704,116,3445,0,3
2.810207958,-0.924714223,126,3117,13,1
2.810232199,-0.399331333,106,3102,68,3
2.827603073,-0.151121273,167,3748,42,5
2.844954555,0.059316954,103,3454,42,1
2.844954555,-0.85948739,100,3129,0,1
2.845061214,-0.579211753,120,3468,69,1
2.845099999,-1.222394671,130,4037,13,1
2.862383607,-0.048326228,95,3759,42,3
2.862412695,-0.627470107,97,3765,2,5
2.862538747,0.316849981,113,3461,22,5
2.862543595,-0.954840545,167,3485,85,2
2.862553291,-0.735166618,115,4023,0,2
2.879836899,-0.736979821,100,4293,0,2
2.879996888,-0.706276571,122,3786,85,3
2.897256255,-0.803578676,114,3487,0,2
2.897309584,-0.995438843,135,3803,0,5
2.897358065,-0.236453329,102,3484,42,4
2.897401699,1.100638563,120,3757,83,3
2.897445332,0.408707629,127,4031,46,3
2.89745018,0.501956693,106,3475,22,4
2.897455028,0.400868192,103,3773,46,5
2.897455028,-0.990818568,98,3498,0,1
2.897474421,0.112030745,128,3482,42,4
2.897493813,0.984060266,156,4295,83,2
2.897532598,-0.020682152,96,3787,42,2
2.914724092,-1.070449215,128,4050,0,5
2.91472894,0.748998352,126,4033,83,2
2.914796814,0.352202595,100,4300,46,2
2.914947106,0.901937676,134,3775,83,3
2.932279195,0.101888443,101,3492,42,2
2.932366461,1.077755358,172,4301,83,5
2.949669462,0.635256214,96,3800,49,4
2.949747032,1.218768265,96,3771,83,4
2.949785817,-0.960444991,96,4063,0,5
2.949848843,0.908468116,97,3799,83,2
2.949887628,0.346302412,149,4057,46,5
2.949892476,0.34628302,117,4058,46,4
2.967214869,-0.483630736,108,3518,69,5
2.967326376,-0.978135842,97,4074,0,1
2.984755428,-0.8614121,102,3836,0,2
3.001990554,1.419413255,103,3751,0,5
3.002063276,0.724301943,125,4069,83,7
3.019589291,-1.029307926,114,4337,0,4
3.036974709,-1.070376493,97,3856,0,1
3.036989254,-1.292096334,111,4102,0,3
3.037066824,0.776647276,136,4335,83,5
3.037120153,-0.019945235,114,3845,42,5
3.054340735,-1.058450077,116,3571,0,1
3.054442546,0.10376952,136,3547,42,4
3.071803724,-0.29385042,116,4094,42,5
3.071823117,0.172651848,124,3852,46,3
3.071973409,-0.398385946,98,4343,27,2
3.089276409,-0.542235014,104,4104,2,5
3.089407309,-1.052738972,95,4352,0,2
3.089489727,-1.025196706,116,4114,0,3
3.089489727,0.640661887,105,4100,49,4
3.106826665,0.206957264,104,3572,22,2
3.124173298,0.358204588,151,4357,46,2
3.124197539,0.838485261,135,3569,83,2
3.124207235,0.269294607,129,4359,46,2
3.141665376,-1.09096653,120,3884,0,4
3.141839909,0.414937485,139,3873,46,4
3.159239872,-0.063733607,98,4368,46,2
3.176504087,-1.076611197,130,4140,0,1
3.176528327,-1.135719681,136,3890,13,2
3.176736797,0.162431976,115,4133,46,1
3.193962227,-1.105016431,102,4599,28,2
3.194005861,0.550287769,100,4375,83,4
3.194093127,0.577602172,125,4377,83,5
3.211507635,-0.257935423,123,4382,27,4
3.228922142,0.152420573,108,4608,86,4
3.228994864,-1.37196454,108,4174,18,7
3.229028801,-1.004572732,99,4159,0,5
3.229145156,1.03041815,117,3888,83,3
3.246312409,-0.951049302,114,4390,15,1
3.246351194,0.105233658,97,4386,46,1
3.246453005,-0.259123216,108,3903,42,4
3.246511182,-0.812411982,95,3912,0,4
3.24656936,-1.127720255,107,4616,28,3
3.26379479,0.943602564,95,3894,83,2
3.263852968,-0.841699576,116,4167,0,3
3.263988716,0.453906809,114,3905,46,5
3.281243234,-0.88420804,98,4618,0,1
3.281325653,-0.88527463,150,4621,15,1
3.281340197,-0.431600531,106,4623,29,3
3.281490489,0.183768626,113,4399,46,3
3.298759553,-0.970461242,103,4180,0,4
3.316164364,-0.394788629,139,4630,29,5
3.333767949,-0.914004689,112,4638,15,1
3.333830974,-0.952387388,124,3940,85,1
3.351308508,-1.123895076,145,4199,13,1
3.368640597,-1.05708775,96,4200,0,5
3.403435675,-1.025361543,144,4656,28,1
3.403518093,0.995404906,130,4660,83,2
3.403619904,-1.405693028,99,4234,18,1
3.403624752,-0.306164688,150,4662,29,1
3.420961689,1.210056163,116,4434,34,7
3.421068348,-0.862541716,147,4216,85,4
3.438351956,0.191273542,143,4932,86,4
3.438376197,-1.248763687,122,4923,56,5
3.438463463,-1.186140304,108,4671,56,7
3.455751919,-0.556023115,124,4450,42,4
3.45585373,-1.384259415,104,4674,18,1
3.455877971,-1.117064051,100,4679,28,1
3.473389441,-0.282631832,136,4232,42,5
3.473467011,-0.011640376,114,4689,86,2
3.490886366,-1.099901646,135,4467,15,1
3.508218456,-1.054198261,122,4700,28,5
3.508378444,-0.871025956,104,4942,15,1
3.50838814,-0.014379574,103,4471,46,4
3.543110496,0.597164404,116,4247,49,5
3.543163826,-1.027184442,117,4257,0,5
3.560748018,-0.096671848,101,4963,86,2
3.578104348,0.431964142,97,4259,46,2
3.595552792,-1.101288214,184,4730,28,1
3.59555764,-1.101293062,173,4731,28,1
3.595586729,-0.648176499,95,4273,2,5
3.595630362,0.486563858,104,4983,24,3
3.595649755,0.493375491,101,4737,24,5
3.61291397,-1.045815832,95,4975,0,1
3.63029454,-0.87668858,114,4743,15,1
3.64799024,-0.288250822,140,4757,29,1
3.665365962,-1.164633969,121,4520,56,2
3.665443532,0.113960304,103,4517,86,7
3.682659266,0.83390862,119,4518,83,5
3.682693203,-0.996815713,176,4763,28,7
3.682795014,-1.067763348,108,4522,0,4
3.682833799,0.026955641,104,5264,86,2
3.682853192,-0.795933165,102,5260,15,3
3.700117407,-0.282675465,103,4775,29,3
3.700233762,-1.258959319,115,4773,56,1
3.700384054,0.352886182,97,4527,46,4
3.717691903,1.218036196,115,4787,34,1
3.717769473,0.721824545,104,4785,30,4
3.717788865,-1.053708599,204,5267,15,1
3.717817954,-0.404421877,139,5020,42,4
3.735023992,0.254328409,162,4534,46,2
3.735116106,-0.408348867,148,4786,29,4
3.735116106,1.12357025,121,5291,34,2
3.735203373,-1.113316441,102,4537,0,1
3.752632425,-0.640749154,145,5028,15,2
3.752661514,0.030800213,122,4540,86,3
3.769925729,-0.718721738,101,5285,15,1
3.769954818,-0.788428249,99,4546,0,5
3.770017843,-0.465697478,131,5287,42,5
3.770109958,-0.634776249,150,5288,15,5
3.787417806,-1.206643075,147,4798,56,1
3.787548706,-1.064447222,97,5035,0,1
3.787568099,-0.847202211,115,4802,15,2
3.787631124,-0.591807212,103,4552,42,1
3.805060176,0.937149694,154,4554,83,2
3.805089265,0.95862694,159,5054,83,2
3.805089265,0.958563914,113,5055,83,2
3.82227591,-1.126362777,97,5041,0,4
3.839782532,-0.194802985,194,5056,86,1
3.839792228,0.959722619,108,5062,83,2
3.857327939,-0.854508354,161,4819,15,2
3.857371572,-0.025297578,121,4825,86,3
3.857371572,-0.025297578,120,4826,86,3
3.874892739,-0.17930834,106,5315,86,5
3.892224828,0.903910868,96,5329,9,2
3.927184742,0.334797784,210,5340,9,5
3.944458654,-0.687790625,114,5089,0,4
3.944526528,-1.188709817,125,4844,56,1
3.944555617,0.804393163,106,5351,9,2
3.944720453,0.704948181,125,5602,9,4
3.962105872,-1.04176279,187,4853,28,1
3.962159201,0.036501622,100,5601,86,5
3.99682338,-0.441253172,131,5603,48,7
3.996837924,-0.233369914,97,5359,86,2
3.996920342,-0.803859868,123,5354,50,1
3.996934887,0.4703226,96,5616,9,5
3.997007609,-0.010399253,128,5107,86,2
4.014354242,-0.984132988,102,5358,0,1
4.014417268,-0.661222835,97,5367,15,2
4.066626853,-0.689618373,100,5378,0,1
4.066651094,-0.854222314,102,4888,0,5
4.066743209,-0.701253901,104,4889,0,2
4.066864412,-0.790280237,97,5626,50,1
4.084080146,0.976681401,172,4905,83,2
4.084244983,-0.997940481,103,4898,28,1
4.084327401,-0.933164525,158,5132,15,1
4.10158192,0.904967762,97,5404,9,3
4.101698275,0.059297561,128,4910,86,7
4.118986731,0.668781081,141,4915,30,2
4.11901582,-0.789262128,96,5395,50,1
4.119030364,-0.792020718,102,5396,50,3
4.119243682,-1.4602782,102,5339,58,5
4.11924853,-0.850634692,115,5646,50,1
4.136493353,-0.345429748,96,5652,48,2
4.136512746,-0.909301996,127,5649,50,4
4.136585468,1.32114637,104,5430,84,5
4.188824142,-0.670153103,127,5948,50,1
4.188887168,-0.394822566,157,5953,72,1
4.188935649,0.581451592,126,5681,9,4
4.188988978,-0.576724659,105,5168,15,3
4.206485904,0.530080735,123,5429,9,5
4.206500449,1.022156925,108,5986,34,3
4.22369679,-0.163765213,149,5685,48,1
4.223721031,0.668606548,130,5435,9,2
4.22377436,0.30467631,97,5185,9,3
4.22385193,0.860680032,170,5191,83,1
4.223876171,-0.880639811,100,5425,50,1
4.223939197,-0.526197377,102,5686,50,4
4.241305223,-0.835576379,104,5683,50,1
4.24141673,-1.198682434,142,5671,80,2
4.258734275,-0.601280472,106,5192,15,7
4.258748819,-0.72758898,127,5190,15,1
4.258782756,-0.741309207,128,5193,15,1
4.258802148,0.519148186,99,5447,9,3
4.276182719,-0.345672155,149,5984,72,1
4.276202111,-0.735792028,157,5440,15,1
4.276269985,1.253737876,125,5735,84,2
4.293616619,-0.709432708,133,5695,50,1
4.293684493,-0.64231995,105,5987,50,1
4.29374267,-0.632880627,123,5705,50,5
4.29374267,-0.360745012,112,5993,72,1
4.293752367,-0.57586169,96,5210,15,1
4.311079608,-0.364225974,102,5997,72,4
4.311162026,-0.779977946,128,5708,50,1
4.311220204,-0.862643527,97,5453,50,1
4.328460178,-0.643304122,96,5712,50,1
4.328528052,-1.035343857,97,5704,19,1
4.328639559,0.784263699,104,6023,40,1
4.346010433,0.652355593,103,5733,9,3
4.34604437,-1.061775899,218,5459,15,4
4.34604437,-1.061780747,184,5460,15,5
4.346068611,0.321101797,147,5235,9,4
4.346141333,1.029152786,131,5744,34,5
4.363420093,-0.676029045,95,5724,0,2
4.36347827,-0.825337114,151,5231,15,1
4.380820056,0.239604617,99,5478,9,2
4.381047918,-0.827082444,158,5469,50,1
4.381057614,-0.65962295,111,5471,0,1
4.381067311,-0.339650769,108,6027,72,1
4.398316981,-0.487407434,95,6028,72,1
4.398375159,-1.13403253,133,5463,19,2
4.398472122,0.507992623,120,5747,26,3
4.4157024,-0.098756547,114,5487,86,3
4.415760578,-0.73479816,116,5248,15,1
4.415872085,-0.613895324,97,5485,0,5
4.415881781,-0.781970531,115,5249,15,1
4.433238111,-0.06448022,146,6056,59,7
4.43342234,0.472533351,147,5506,9,5
4.450662315,0.296085411,95,5502,9,4
4.450672011,0.539767312,113,6324,40,2
4.450715644,-1.11152263,115,6030,80,4
4.468115607,0.033035204,119,5511,86,2
4.485748281,-1.379590659,116,5470,3,5
4.485767673,0.547320709,107,5778,26,1
4.503041585,-0.081899575,132,6075,59,4
4.520601536,0.466259862,160,5793,26,2
4.520616081,0.808320154,114,6092,40,1
4.520635473,0.18391407,117,5788,74,3
4.520635473,0.183943159,117,5789,74,3
4.52064517,-0.875379583,106,6072,57,4
4.537899688,-0.718498724,145,5776,50,1
4.537938474,-0.487998907,100,5526,42,5
4.538011196,-0.2581245,114,5787,48,4
4.538040284,-0.421836384,96,6081,72,2
4.538059677,1.294258603,144,5563,84,5
4.538113006,-0.279979901,145,5531,48,2
4.538113006,-0.784675791,96,5781,0,1
4.555362677,-0.446678237,142,6084,72,1
4.555420855,0.33337728,96,5544,9,4
4.555493577,-0.760536918,102,5528,50,1
4.555517818,-1.15744903,108,5771,80,5
4.555575995,0.334283881,118,6095,40,2
4.572772336,-0.491048385,123,5794,48,5
4.590230477,-0.742943029,102,5797,50,5
4.59040501,-0.519720266,120,5812,48,1
4.590443795,1.14693827,134,6396,34,1
4.590506821,1.073624745,146,6132,34,4
4.607698314,-0.349720349,97,6104,59,5
4.625234025,-0.274448177,154,6378,59,2
4.625243721,0.244927872,96,6117,40,1
4.642735799,0.343311112,97,5842,74,2
4.660033951,-0.322124754,100,6118,59,1
4.660072736,-0.754665824,130,6380,72,3
4.660082432,-0.075858797,98,5570,48,3
4.660082432,-0.829991326,98,6115,57,1
4.660198788,1.150739209,95,5589,0,7
4.660247269,0.458944023,116,5849,26,1
4.677637536,-0.75282838,147,5571,50,1
4.69495508,1.357769195,102,5903,84,2
4.694984169,-0.734856337,135,5576,15,1
4.695013258,0.112147101,148,5854,74,5
4.695052043,-0.461324458,195,6134,72,7
4.695124765,0.251157727,125,6406,40,7
4.712398677,0.433525242,135,6410,40,2
4.712403525,0.642441153,134,6418,40,5
4.712452006,0.375066408,145,6148,40,4
4.712578058,0.051167236,112,6714,59,1
4.712655628,0.034625393,116,6149,59,2
4.729881058,-0.28994767,103,6147,59,4
4.729895602,0.269163708,120,5867,74,2
4.72995378,-0.605706821,105,6143,0,1
4.729973173,0.12833503,99,5868,74,4
4.730060439,0.022781395,99,6723,59,2
4.747334351,-0.374659165,99,6153,59,2
4.764879758,-1.377016298,114,6102,3,4
4.782231239,0.740664405,106,6168,40,1
4.782381532,-0.059869641,124,5881,74,2
4.799786343,0.043623535,103,6752,59,5
4.799893002,-0.531001881,139,6746,77,5
4.799893002,0.078151965,119,5892,74,2
4.79989785,-0.224221479,102,6446,74,2
4.799912394,-0.492464041,144,6165,72,1
4.799936635,-0.586905746,113,5883,50,1
4.817108736,-0.368487486,100,6445,59,3
4.817220243,-0.615325524,107,6166,0,5
4.817292965,-0.874264511,120,6743,6,1
4.834566876,-0.436322617,131,6453,59,1
4.834610509,-0.184432821,151,6175,59,0
4.834663839,0.16692135,119,6771,59,2
4.834722017,0.502000326,116,6779,40,1
4.852039561,-0.496672224,96,6766,0,4
4.852185005,-1.111222046,102,6745,61,2
4.852194702,-0.442043418,95,5904,72,1
4.852214094,0.648317095,97,6485,40,1
4.852238335,0.363280588,101,6787,40,1
4.852257727,-0.291983888,107,5908,48,4
4.886965539,-1.107072041,143,5897,80,3
4.887009172,-0.969181334,143,6461,6,5
4.887038261,-0.983972999,129,6462,6,1
4.904443072,-0.802056361,97,6783,79,5
4.904457616,0.551577373,144,6212,40,4
4.904481857,-0.421938195,106,6486,59,2
4.904506098,0.27334765,115,5933,74,3
4.90452549,0.072261479,102,6498,59,5
4.904559427,-0.088779081,96,6493,0,3
4.904632149,-0.509883397,114,5928,72,1
4.921930301,-0.521276518,103,6492,59,3
4.921998175,0.469105718,107,5947,26,5
4.92209029,0.67932093,124,6220,40,4
4.939306024,-1.352935603,105,6163,3,5
4.939504797,-0.367546948,115,6812,77,1
4.939529038,-0.45577819,142,5944,72,1
4.95688052,0.45239419,166,5958,0,1
4.97431442,0.912831439,144,6536,34,4
4.974401686,0.455715164,100,6526,40,5
4.974411382,-0.650935089,147,6508,72,1
4.97446956,1.431819637,105,6322,84,4
4.99167075,-1.059133664,122,6500,6,1
4.991840434,-0.100162507,106,7193,4,5
4.991888916,-0.870502357,140,6510,6,1
5.009157979,1.511217574,101,6789,84,2
5.009274334,-0.521509229,150,7194,77,2
5.009279182,-0.641612122,136,6832,77,7
5.026727627,-0.647585026,176,6527,72,1
5.026742171,-1.204761998,168,6217,80,5
5.044200312,-0.379463668,117,7217,77,4
5.044229401,-1.030466631,118,6229,6,5
5.044253641,0.629443298,102,6872,52,5
5.044273034,0.219213354,144,6556,59,2
5.061503312,-0.598531578,158,6241,72,5
5.061576034,0.241960812,139,7235,4,2
5.061648756,-0.811675065,95,6537,6,2
5.061677845,1.245079103,105,6920,34,2
5.061745719,-0.520597779,147,6859,77,5
5.078922668,1.269426446,123,6927,34,3
5.078980845,-0.085215701,127,7236,4,1
5.079000238,-0.050595156,131,6869,74,5
5.079068112,-0.674312805,103,6546,0,5
5.079160226,-0.664054147,117,6247,72,1
5.079179619,-0.4829423,130,7234,77,5
5.09645353,-0.750452793,170,6553,72,3
5.096458379,-0.663530548,123,6252,72,1
5.096531101,-0.268756464,124,6561,74,3
5.113882582,-1.073270831,101,6855,61,5
5.113916519,-0.706800169,95,7242,25,5
5.11401833,0.37995333,116,6895,40,5
5.131272849,0.177417567,101,6281,59,1
5.131316482,-0.600126615,170,6879,77,1
5.131403749,0.802962963,117,6588,40,1
5.131403749,-0.661557357,108,7254,25,2
5.131437686,-0.739345712,122,6271,72,5
5.131491015,-0.366931235,142,7264,77,3
5.14873099,-0.686627072,108,7259,25,5
5.166295789,-0.224715989,104,6581,74,2
5.166446082,1.259235663,95,6636,34,3
5.166455778,-0.802298768,125,6897,79,1
5.183768474,-0.681202007,155,6580,72,1
5.183787867,1.180918861,119,7310,34,4
5.183821804,0.163624617,133,6299,59,5
5.18390907,-0.443691785,144,6913,77,5
5.201216919,0.079713065,145,6603,59,5
5.201260552,-0.977214696,135,6285,6,5
5.201304185,0.683228528,100,7298,52,1
5.201323578,-0.856447608,108,6905,79,4
5.218704148,-0.927826727,95,6295,6,5
5.236147744,1.280295969,99,7352,34,5
5.236162289,-1.272529254,112,7590,61,2
5.236201074,-1.129644966,122,6582,61,5
5.253547708,0.66555707,101,7314,52,5
5.253576796,0.483814965,127,6623,40,4
5.27092343,0.931457981,117,7328,31,4
5.271059178,-0.485739675,96,6616,77,3
5.271064026,-0.700347299,130,6615,72,3
5.271088266,-0.483625888,95,7650,77,7
5.2711319,1.184617989,97,7685,34,5
5.27115614,0.047249941,118,6629,59,2
5.306053029,-0.646528133,133,6630,0,5
5.323312396,-0.143887852,115,6973,73,5
5.323448144,1.14693827,95,7371,34,2
5.340901437,-0.31149279,113,7340,77,3
5.340979007,0.67690171,213,7001,52,2
5.358345033,-0.775953993,108,7337,77,1
5.375677122,-0.781902657,103,7343,77,3
5.375769237,0.992617227,118,6688,34,5
5.375827414,-1.155092836,123,7665,61,4
5.375871047,-0.708884868,112,7348,77,1
5.375871047,1.356319602,100,7750,16,1
5.410666125,0.054362158,129,7377,4,3
5.428046696,0.650144843,115,6695,40,5
5.42806124,-0.014335941,132,7710,4,1
5.428148507,0.898650639,160,6705,34,5
5.445650281,0.510470021,119,6703,40,4
5.462890255,-1.246654748,108,6982,61,5
5.462996914,0.987293973,103,7740,31,2
5.463026003,0.526905205,100,6707,40,3
5.463064788,0.815791133,117,7735,31,5
5.46308418,0.43048546,99,7405,88,7
5.480343548,-0.170581694,129,6698,59,5
5.480537473,0.902853974,117,7420,31,2
5.480556866,0.656331065,101,7056,52,2
5.497922892,0.832774156,112,7751,31,5
5.497976221,-0.47107891,134,7039,77,1
5.497981069,0.358602136,106,7061,40,3
5.497995614,0.487989211,117,7417,31,5
5.498010158,0.485448787,97,7744,88,5
5.532698577,0.317325099,101,7069,40,2
5.532747058,-0.082864354,105,7063,73,4
5.532882806,-0.218311601,105,7747,12,4
5.550161566,-0.218946707,123,7754,12,4
5.567624555,0.128785906,99,7429,4,5
5.56787181,0.766684355,119,8079,31,5
5.585077847,0.58229032,126,7106,52,1
5.602511747,-0.257983904,117,7776,12,3
5.602637799,0.876523743,98,7469,31,3
5.602681432,0.8316203,96,8089,31,5
5.602710521,-0.434300944,95,7440,77,1
5.602715369,-0.022451722,101,7447,4,1
5.619998977,-0.436434124,97,8080,12,7
5.620023217,-1.085376629,105,7074,61,1
5.620028065,0.702611379,161,7796,31,3
5.637665587,0.561821486,99,7806,31,5
5.655012221,0.644007101,103,7139,52,7
5.655041309,-0.198473025,97,8093,5,4
5.655084943,0.395229809,95,7133,40,4
5.672349158,0.314401672,101,7479,76,4
5.672397639,-0.458963416,161,7121,77,1
5.672417032,0.767004332,100,7157,52,7
5.672509146,-0.990212551,168,7790,61,1
5.689787906,0.305015679,101,7488,76,4
5.690049705,-1.173447882,99,7107,61,3
5.707439972,-0.368380827,125,7150,77,5
5.70749815,0.527559703,133,8115,31,4
5.72495629,0.570538436,132,7178,52,1
5.742249594,0.530032253,108,7834,31,3
5.742273835,0.174654129,98,8123,35,3
5.742302924,1.099455618,105,7850,16,2
5.74231262,0.262992029,106,7176,4,5
5.74236595,0.66402021,119,8130,31,3
5.742419279,0.787681636,142,7528,31,1
5.75982409,0.091591001,113,8131,35,4
5.777117394,0.185237611,146,7525,4,5
5.794604624,0.323482232,116,7536,76,7
5.79461432,0.687567611,105,8143,31,1
5.794759764,0.609066579,99,8146,31,1
5.811994891,1.22640408,116,7582,34,4
5.812009435,0.197280383,103,7852,32,1
5.812116094,1.092324009,154,8162,16,2
5.812174272,1.12796751,103,8417,16,2
5.829651805,-0.932873637,100,8140,44,2
5.847017831,0.574460579,105,7564,31,7
5.847080857,0.154781616,200,7557,4,2
5.847080857,-0.005580205,140,8414,5,4
5.864340224,-0.690161364,99,8411,39,5
5.864432338,-0.242072319,104,8418,5,1
5.881764427,0.442353699,118,8430,62,3
5.881832301,-0.293816483,103,8167,12,4
5.881895327,0.017550255,114,7570,4,3
5.881919568,0.254735652,121,7882,32,3
5.881924416,-0.825390444,136,7869,44,5
5.899280746,-0.819626009,173,8425,39,1
5.899309834,-0.019290736,102,7884,4,4
5.899324379,-0.57575988,97,8431,66,2
5.89934862,0.420270436,95,7592,88,1
5.916850393,0.277715821,117,7906,32,1
5.916952204,0.579071157,103,8454,62,3
5.934177634,0.108171629,124,8450,62,2
5.934197027,-0.730740269,108,7581,77,5
5.934211571,0.111817427,119,7602,4,4
5.934366712,1.015801017,129,8465,16,5
5.951660016,0.612319679,114,7615,31,5
5.951698801,0.790289933,187,7924,31,2
5.951703649,-1.140853858,105,8181,61,3
5.951766675,-0.391152526,118,8204,12,4
5.951849093,-0.474205958,97,7604,77,5
5.986615082,0.263098688,99,7928,32,2
5.98667326,1.231518865,132,8238,16,1
5.986687804,-0.380607828,97,8213,12,4
5.9866975,0.340203456,126,7635,76,7
5.986736286,0.693157512,98,8485,0,5
6.003942323,-0.90619434,97,7920,44,2
6.004145945,-0.615689134,101,7623,77,1
6.004208971,0.412576443,96,8225,62,7
6.004213819,-1.155461294,127,7913,61,2
6.021395616,0.995598831,106,8494,16,3
6.021468338,1.079292217,127,7957,16,5
6.02148773,1.004955735,97,7955,0,3
6.021579845,0.536160298,105,7942,31,4
6.021642871,-0.920733902,108,8747,39,4
6.021667111,0.6588424,108,8498,45,5
6.038868301,-0.441059246,107,7936,12,3
6.038902238,0.592893195,153,7949,31,5
6.039004049,-0.097234232,141,8232,5,4
6.039033137,0.281419797,104,7948,32,5
6.039081619,-0.135844793,107,8499,5,4
6.039105859,0.738729998,122,8762,1,1
6.056413708,0.636885188,97,7963,31,1
6.056491278,-0.165733557,117,7950,5,2
6.056505822,-0.087751276,100,7951,5,7
6.073891241,-1.051730559,142,8502,82,5
6.073973659,0.490136935,154,8775,62,7
6.074002748,0.066671577,97,8773,67,1
6.074031837,0.795729543,106,8252,31,4
6.091422104,0.265382161,153,8781,62,1
6.126115371,0.812218056,96,8523,45,1
6.126294752,-0.024211595,116,8518,5,2
6.126304448,-0.414394494,98,8789,5,4
6.126343233,-0.46982809,108,7980,12,7
6.126362626,-0.759576987,103,8787,39,3
6.143558967,0.164225786,97,8795,62,7
6.143597752,0.472930898,95,7995,88,4
6.143820766,1.31576009,100,8819,16,4
6.161177096,0.911570924,99,8538,45,4
6.178596452,-0.369529836,120,8812,5,5
6.178615844,0.863525888,96,8541,45,1
6.178703111,-1.02021767,121,7986,44,5
6.195947933,-0.290810638,120,8278,12,3
6.196025504,-0.789703309,114,8820,39,5
6.213512733,-1.350710308,118,8254,58,5
6.213638785,1.24461853,96,8317,16,5
6.230873911,0.718503572,113,8028,31,2
6.230922392,-1.133877389,98,8540,82,1
6.230985418,0.862304158,97,8830,1,3
6.248521129,-0.000349066,100,8559,5,3
6.248521129,-0.000353914,95,8558,5,3
6.265780496,1.019538931,118,8571,16,3
6.265785344,0.172351264,155,8308,62,5
6.265809585,-0.759140654,112,8556,39,4
6.265824129,-0.105573027,105,8834,5,7
6.265882307,0.302814625,102,8313,62,4
6.265887155,0.832643257,101,8572,45,7
6.265921092,0.447589687,108,8315,62,3
6.265955029,-0.763571851,108,8560,39,7
6.266008358,-0.57640953,102,8305,66,2
6.283316207,1.066759783,103,8334,16,2
6.283325903,0.752644151,97,8579,45,1
6.283447107,-0.158611644,105,8841,5,5
6.300725866,0.877595181,117,8585,45,2
6.300784044,-0.564546139,103,8576,66,2
6.30087131,0.860612158,105,8335,31,1
6.318101588,-0.281473127,142,8322,12,2
6.318140374,0.057285585,120,8852,67,4
6.318217944,-1.016407034,111,8848,82,3
6.318353692,-0.160264859,100,8858,5,1
6.335782743,-0.567789543,100,8863,71,5
6.370553581,-0.002050762,106,8597,5,1
6.370635999,0.414346013,95,8880,62,2
6.405639547,-0.350820876,112,8892,5,5
6.423083143,-0.652142275,136,8353,39,1
6.45782974,0.408479767,100,8905,62,3
6.457868525,0.772768767,99,8632,45,5
6.45790731,-0.472000056,106,8628,66,1
6.475186069,-0.360269895,100,8906,5,5
6.475307273,0.189043399,128,8634,62,1
6.492818743,-0.818292772,163,8636,39,7
6.492891465,-0.959800189,100,8368,44,3
6.492906009,0.111332614,103,8916,67,5
6.51007811,0.527462741,140,8650,62,4
6.527575036,0.222713709,96,8923,62,4
6.562452532,-1.420378034,107,8630,58,2
6.562593128,0.411296535,113,8667,62,4
6.562641609,0.212455051,106,8665,62,3
6.580172472,-0.660054434,101,8937,71,1
6.597504561,-0.895649643,125,8675,39,2
6.614972398,-0.237233879,108,8679,5,7
6.614996639,1.155417661,124,8694,16,5
6.632251158,0.429380085,125,8684,62,4
6.667312883,-0.573786688,99,8695,66,2
6.667322579,0.810846034,116,8961,1,4
6.667337124,-0.132291109,118,8698,5,7
6.68464982,0.75517003,103,8965,1,1
6.702166139,1.354942732,133,8974,16,5
6.702253405,-0.276125632,131,8709,5,2
6.702340671,0.098199011,108,8969,67,3
6.719638824,0.773772331,107,8976,1,1
6.719793964,-0.56792529,105,8720,66,4
6.75443875,0.031066861,97,8984,67,2
6.754613283,-0.51700531,189,8728,66,2
6.754632675,-0.25385814,98,8988,5,1
6.859415456,-0.490965967,96,9016,71,2
6.963975223,1.003554624,96,9045,14,4
7.051222293,0.119787764,108,9072,67,3
7.051396826,-1.144538442,97,9076,82,1
