1,4,7,0,0,0,62,63
2,5,8,0,0,0,62,63
3,6,9,0,0,7,62,63
3,6,9,0,0,7,62,63
1,4,7,0,0,0,62,63
2,5,8,0,0,0,62,63
1,4,7,0,0,0,62,63
2,5,8,0,0,0,62,63
3,6,9,0,0,7,62,63
3,6,9,0,0,7,62,63
1,4,7,0,0,0,62,63
2,5,8,0,0,0,62,63
1,4,7,0,0,0,62,63
2,5,8,0,0,0,62,63
3,6,9,0,0,7,62,63
3,6,9,0,0,7,62,63
1,4,7,0,0,0,62,63
2,5,8,0,0,0,62,63
1,4,7,0,0,0,62,63
2,5,8,0,0,0,62,63
3,6,9,0,0,7,62,63
3,6,9,0,0,7,62,63
1,4,7,0,0,0,62,63
2,5,8,0,0,0,62,63
1,4,7,0,0,0,62,63
2,5,8,0,0,0,62,63
3,6,9,0,0,7,62,63
3,6,9,0,0,7,62,63
1,4,7,0,0,0,62,63
2,5,8,0,0,0,62,63
1,4,7,0,0,0,62,63
2,5,8,0,0,0,62,63
3,6,9,0,0,7,62,63
3,6,9,0,0,7,62,63
1,4,7,0,0,0,62,63
2,5,8,0,0,0,62,63
1,4,7,0,0,0,62,63
2,5,8,0,0,0,62,63
3,6,9,0,0,7,62,63
3,6,9,0,0,7,62,63
1,4,7,0,0,0,62,63
2,5,8,0,0,0,62,63
1,4,7,0,0,0,62,63
2,5,8,0,0,0,62,63
3,6,9,0,0,7,62,63
3,6,9,0,0,7,62,63
1,4,7,0,0,0,62,63
2,5,8,0,0,0,62,63
1,4,7,0,0,0,62,63
2,5,8,0,0,0,62,63
3,6,9,0,0,7,62,63
3,6,9,0,0,7,62,63
1,4,7,0,0,0,62,63
2,5,8,0,0,0,62,63
1,4,7,0,0,0,62,63
2,5,8,0,0,0,62,63
3,6,9,0,0,7,62,63
3,6,9,0,0,7,62,63
1,4,7,0,0,0,62,63
2,5,8,0,0,0,62,63
1,0,0,0,0,0,62,63
1,0,0,0,0,0,62,63
1,0,0,0,0,0,62,63
1,0,0,0,0,0,62,63
